timestamp,tweet_text,username,followers_count,profile_image
2019-07-21 07:26:59,b'My list of the top strongest dc heroes. 1. Shazam 2. Superman 3. Flash  4. Aquaman  5. Batman 7. Wonderwoman 8. Green Lantern  9. Martian  10. Cyborg',b'Juhpann',222,http://pbs.twimg.com/profile_images/1152731476523278337/fIgoQsVY_normal.jpg
2019-07-21 07:26:49,b'I finally watched aquaman and I knew Jason momoa would make me feel some type of way but my eyes were on amber heard the entire time wowow she is so beautiful why am I just now finding out she\xe2\x80\x99s in this movie',b'layalxo',336,http://pbs.twimg.com/profile_images/1073013049756332032/2imfCTZM_normal.jpg
2019-07-21 07:25:39,"b'Favourite episode, too many. Maybe the one you go on the bot for Vinnie\xe2\x80\x99s birthday to try get him back? Favourite scene, when Aquaman becomes the biggest opener. Favourite quote, Therapist no 7.. \xf0\x9f\x98\x82 https://t.co/LE36bLffWo'",b'KrishnaAnand_',2916,http://pbs.twimg.com/profile_images/1140201850521694209/GUfbu9T-_normal.jpg
2019-07-21 07:20:50,"b'I already wanted to watch this, but the fact that they beat up Aquaman apparently makes me want to even more now xD https://t.co/txnJqpVzWl'",b'FloydBishopIII1',121,http://pbs.twimg.com/profile_images/1144617762444070912/uj6ooUh2_normal.png
2019-07-21 07:19:17,"b""And 4 years is a long time to wait between Aquaman sequels. Should've capitalized on the brand while it's still hot. It's not as if he'll pop up in other DC films. By 2022, I fear most of the audience will have lost interest in seeing him again""",b'fahadiqbal94',244,http://pbs.twimg.com/profile_images/1142695864122695683/xe8uBURj_normal.png
2019-07-21 07:15:54,"b""@rexvsdeji fammmmm \xf0\x9f\x98\x82 Aquaman and Shazam my god. Aquaman had wayyyyyyyy too much going on underwater during the fight scenes. Wasted 30 minutes showing locations. that scene where he was being trained oh my god. don't get me started on Black Manta. was absolutely not needed for the plot.""",b'Wulffricc',823,http://pbs.twimg.com/profile_images/1149600657969598464/jKpwQbVH_normal.jpg
2019-07-21 07:10:04,"b'@704jordan @MegaMilotic @EoinDonald @RottenTomatoes God, I hated Aquaman it was one of those movie were I wanted to ask for my money back. \xf0\x9f\xa4\xa3'",b'BangelEverafter',857,http://pbs.twimg.com/profile_images/1151685894039932928/WJ4Is73v_normal.jpg
2019-07-21 07:10:00,b'@Wulffricc They got praise for Aquaman and Shazam so they seemed to have found a way to market the MID too!!!',b'rexvsdeji',80,http://pbs.twimg.com/profile_images/1139432016179425280/1dE67wtX_normal.jpg
2019-07-21 07:10:00,"b""My family has had a rare moment of unanimity. Of all the superheroes we'd like to be, Aquaman is our choice but none of us want to be *this* Aquaman in *that* world.""",b'notsailingalone',622,http://pbs.twimg.com/profile_images/1109213302012313600/Lvzl4CLZ_normal.jpg
2019-07-21 07:07:51,b'@BangelEverafter @MegaMilotic @EoinDonald @RottenTomatoes Yeah but so did aquaman and the phantom menace so that really doesn\xe2\x80\x99t say much',b'704jordan',149,http://pbs.twimg.com/profile_images/1152694752036511744/VBQw4FaQ_normal.jpg
2019-07-21 07:06:40,b'@La_Disparition Aquaman before it was cool',b'unteragassolina',194,http://pbs.twimg.com/profile_images/1144885559652999169/Z9C95A09_normal.jpg
2019-07-21 07:00:59,b'@TheStreetBird \\\\Yeah..The only N52 I like are Batman and Aquaman.  Imagine the universe being like an Alex Ross comic. Or better.',b'ShareHisDread',652,http://pbs.twimg.com/profile_images/1152832082017546240/uvGwpm6K_normal.jpg
2019-07-21 06:57:23,b'We are currently arguing whether or not giant creature helping Aquaman is a crustacean or a cephalopod.',b'notsailingalone',622,http://pbs.twimg.com/profile_images/1109213302012313600/Lvzl4CLZ_normal.jpg
2019-07-21 06:55:28,b'Holy shit! My first truck! Same colors model! #Aquaman https://t.co/XmLXbggBJs',b'spookerz',1341,http://pbs.twimg.com/profile_images/378800000831234290/bf4a01d1463b62fd4edb26bc2183c1c9_normal.jpeg
2019-07-21 06:53:37,b'Wouldn\xe2\x80\x99t it be funny if Aquaman was Ariel\xe2\x80\x99s dad.',b'__elliee_',248,http://pbs.twimg.com/profile_images/1105359412057780224/ai08A4wM_normal.jpg
2019-07-21 06:52:45,b'@CoatsTim @_DCWorld My favourite is Aquaman!',b'EmeraldArcher1_',646,http://pbs.twimg.com/profile_images/1096369961612820486/H2_C8klh_normal.jpg
2019-07-21 06:52:43,"b""@YaBoyJuggernaut I honestly think it's fairly close to Wonder Woman and Aquaman tbh. Not quite on their level but it's still a solid film! I hope they use these characters again in another DCU film""",b'codeblueuwu',150,http://pbs.twimg.com/profile_images/1146174952409714690/qRSIbUsh_normal.png
2019-07-21 06:47:02,b'@LadyNightNoire Be wary of becoming anime! Your life could end up like this... https://t.co/6EfLWWutQt',b'Aquaman_43',26,http://pbs.twimg.com/profile_images/578594652342738944/BeyDnDRe_normal.jpeg
2019-07-21 06:46:32,"b'Listening to #RupertGregsonWilliams bonus OST for #Aquaman, and all the new tracks are pretty good! \xf0\x9f\x91\x8d\xf0\x9f\x94\xa5\xf0\x9f\x8c\x8a\xf0\x9f\x8e\xbc\xf0\x9f\x8e\xa7 https://t.co/DY0zZTQb2j'",b'Joshbryan321',362,http://pbs.twimg.com/profile_images/1150540561071452161/qOmeGK6P_normal.jpg
2019-07-21 06:38:44,b'I was hoping to see some Namor in phase 4 but I understand aquaman came out to long ago and marvel isn\xe2\x80\x99t bout making the same movie someone else made!! Hopefully a cameo or something!!!',b'King_Guapp',386,http://pbs.twimg.com/profile_images/1026769743318011905/63bEu209_normal.jpg
2019-07-21 06:35:38,b'Got me some nice razer headphones on Amazon prime day. Also got me aquaman. Have not seen it yet. https://t.co/W4ZpX0P1e1',b'rafaprogmetal',231,http://pbs.twimg.com/profile_images/1007145448040116224/4bYAdZmr_normal.jpg
2019-07-21 06:33:19,"b'Aquaman getting a throat punch, the Joker gets nailed in the deck of cards and Kite-Man.  HELL YEAH. https://t.co/z1nmmbXGPl'",b'Darrangedd',1234,http://pbs.twimg.com/profile_images/1093383623837925376/bjQjjt5g_normal.jpg
2019-07-21 06:30:20,"b'""take that aquaman""'",b'Bluffpost',43,http://pbs.twimg.com/profile_images/505968227487203328/Ibm3DPbg_normal.jpeg
2019-07-21 06:28:48,"b'@FlyingPhotog Exactly the same. But I\xe2\x80\x99m refusing to watch Aquaman, though every single seatmate on every flight watches it. But I enjoyed Captain Marvel on the flight!'",b'erininnashville',992,http://pbs.twimg.com/profile_images/690537032536477696/1nS-gPrW_normal.jpg
2019-07-21 06:28:05,"b""@JPG_Phoenix You're so close to the ocean and you didn't invite Aquaman?""",b'ElLocoGaijin',47,http://pbs.twimg.com/profile_images/812309925577637888/JgkEyJi6_normal.jpg
2019-07-21 06:28:02,"b'@Lukie_dookie_1 amen to both. Batman &amp; Batman Returns perfectly encapsulated the gothic Gotham for me, and Aquaman was a GREAT movie, even considering outside of being in an extended universe, and really showed off Aquaman in a non-corny way'",b'Alistair_White9',285,http://pbs.twimg.com/profile_images/1060394825223000064/-dpgQwJV_normal.jpg
2019-07-21 06:27:42,b'I watched an episode of Gotham and an episode of Supergirl and a big chunk of the Aquaman movie and I know I got friends to think the DCU is the best thing ever but I just want to watch something different now. I\xe2\x80\x99m gonna think about this for a while.',b'DailyJamesHibbs',66,http://pbs.twimg.com/profile_images/894840481145921538/B5Ln3jng_normal.jpg
2019-07-21 06:26:23,"b'@Alistair_White9 And I agree, Aquaman was a big step especially after justice league \xf0\x9f\xa5\xb4'",b'Lukie_dookie_1',754,http://pbs.twimg.com/profile_images/1135688678645358594/_m-5mtNq_normal.jpg
2019-07-21 06:17:43,b'Imagine you an atlantian and you get caught slippin moving work on the wrong block in Atlantis and Aquaman get your chain snatched by a fleet of guppies',b'KingUIysseslV',395,http://pbs.twimg.com/profile_images/1151654264088989698/F0QWmnDi_normal.jpg
2019-07-21 06:11:50,b'@spacemanjr2004 @Batman4491 @dravanamora @DontRagePlz @JamesGunn Shazam was amusing and WW was ok. I haven\xe2\x80\x99t seen aquaman. Suicide squad was unwatchable as was Batman vs Superman.',b'MattDarth',80,http://pbs.twimg.com/profile_images/1124867798486921216/td8MuZr0_normal.jpg
2019-07-21 06:09:01,"b'It really makes going to comic shops not fun, I\xe2\x80\x99ll tell you that much. 45 year olds yelling about Aquaman when I\xe2\x80\x99m trying to buy The Goon isn\xe2\x80\x99t much fun.'",b'xwilkmanx',548,http://pbs.twimg.com/profile_images/1148326943911292931/ANNevBQn_normal.jpg
2019-07-21 06:02:48,b'@MattDarth @dravanamora @DontRagePlz @JamesGunn have you seen Shazam or Aquaman?',b'Batman4491',157,http://pbs.twimg.com/profile_images/1051042112978993152/MB248JF4_normal.jpg
2019-07-21 06:00:15,b'Fam from the Legit moment the Aquaman movie starts to the end them niqgas is scrapping',b'KingUIysseslV',395,http://pbs.twimg.com/profile_images/1151654264088989698/F0QWmnDi_normal.jpg
2019-07-21 05:57:54,"b'@DiscussingFilm @TheDCUniverse Why, yes. That was a dolphin high-fiving Aquaman. Why do you ask? \xf0\x9f\xa4\xa3'",b'Blairsker',749,http://pbs.twimg.com/profile_images/613000061593612288/up-KM02m_normal.jpg
2019-07-21 05:56:01,"b'In addition to OUR #Batman @BenAffleck , and Cavill\xe2\x80\x99s #Superman, shout out the rest of the #JL: @GalGadot - #WonderWoman #Aquaman #TheFlash #Cyborg ALL perfect casting.'",b'deadite101',251,http://pbs.twimg.com/profile_images/1000434940595658752/T8GQ12qP_normal.jpg
2019-07-21 05:55:58,"b'\xf0\x9f\xa6\x81\xf0\x9f\x91\x91When Nala found Simba,she said \xe2\x80\x9cYou must take your rightful place as king \xe2\x80\x9cin Aquaman Mera said the exact same thing to Arthur .I mean it\xe2\x80\x99s a Hamlet kind of story but every character \xe2\x80\x98s every single line have to mention the word \xe2\x80\x9cking \xe2\x80\x9c!EVERY! I\xe2\x80\x99m tired... #LionKing2019'",b'AvaGadot',12,http://pbs.twimg.com/profile_images/1115324265274806272/Vzxs7-2l_normal.jpg
2019-07-21 05:55:04,"b""I'm so moieest a nigga got Aquaman calling me up right now""",b'diablozapatas',12,http://pbs.twimg.com/profile_images/1146277849306980352/zHrenvlK_normal.jpg
2019-07-21 05:54:21,b'Lol Aquaman was fun because it was such a fucking drag because it makes it so\xe2\x80\xa6.',b'twitersbotboy',52,http://pbs.twimg.com/profile_images/878683720441528320/HOCoI7-s_normal.jpg
2019-07-21 05:47:52,"b'@Ratcliff_24 @cxroldanvers Joker - October 2019 Birds Of Prey - Feb 2020 WW1984 - June 2020 The Batman - June 2021 The Suicide Squad - August 2021 Aquaman 2 - December 2022 With New Gods, Shazam 2 and Black Adam in the works. Not including properties that are vague in their development phase.'",b'imarchit19',78,http://pbs.twimg.com/profile_images/1055740857566093312/WjptXtPs_normal.jpg
2019-07-21 05:47:05,"b""@letstalkjla I liked it 100% Until i saw Harley throat punching Aquaman. Come on,that won't work on Aquaman""",b'GrinningFox',14,http://pbs.twimg.com/profile_images/1146719509689933825/i87F9qwM_normal.jpg
2019-07-21 05:46:44,"b""It has come around again to husband's pick for movie night. He's desperate to redeem himself after choosing the Point Break remake.   He picked Aquaman. https://t.co/ohme0an06D""",b'notsailingalone',622,http://pbs.twimg.com/profile_images/1109213302012313600/Lvzl4CLZ_normal.jpg
2019-07-21 05:45:34,b'Official #HarleyQuinn concept art from #BirdsOfPrey by @greghops.  #dcfanskerala #dccomics #dcmovies #DCEU #dcuniverse #ReleaseTheSnyderCut #superman #batman #wonderwoman #flash #aquaman #cyborg #greenlantern #justiceleague #batmanbeyond #BirdsOfPrey #harleyquinn #MargotRobbie https://t.co/gtTnP9MI56',b'DcKerala',83,http://pbs.twimg.com/profile_images/1123550558013362177/pFFRyvQ5_normal.jpg
2019-07-21 05:42:35,"b""@geekygimp If comics count then it's Aquaman. If not then the last book i read is The Witcher""",b'GrinningFox',14,http://pbs.twimg.com/profile_images/1146719509689933825/i87F9qwM_normal.jpg
2019-07-21 05:42:25,b'Here\xe2\x80\x99s my review of Aquaman (2018): You don\xe2\x80\x99t see enough of Jason Momoa\xe2\x80\x99s penis. There could be much more big man cock',b'tanjembike',145,http://pbs.twimg.com/profile_images/1023056018899533824/1tVdWc6J_normal.jpg
2019-07-21 05:42:18,"b'What\xe2\x80\x99s Mrs. G been up to? Art, baby! Aquaman sketch for my husband, first experience with oil paints (SOLD!), making jewelry w/my watercolor cat! #alltheart #arteducation How do you art? https://t.co/kBg5NgAD9T'",b'BI2DArt',193,http://pbs.twimg.com/profile_images/562810431660883968/8eTuF5_5_normal.jpeg
2019-07-21 05:40:47,"b""@nichlorine_ @_olori_ade On my part, The Dark Knight triology, Man of steel, WW and Aquaman are the only dope movies they've released. And they shouldn't have made Batman that old ffs. 40yrs when lex seems to be in his 20s. C'mon... It's just dumb""",b'ybilex_01',2143,http://pbs.twimg.com/profile_images/1134882957175529473/6UNmQcUU_normal.jpg
2019-07-21 05:40:11,b'@GSUniverse &gt;Harley Quin hurting Aquaman in any way Are you high?',b'MatMvB',213,http://pbs.twimg.com/profile_images/975879432207560704/ZQKawsdh_normal.jpg
2019-07-21 05:39:24,"b""@Ayee_Kels @PrinceMarcus_25 I'm rooting for DC too, but it really stopped being a competition after Justice League. Aquaman and Shazam are a step in the right direction, but it is too little too late.""",b'MartianOvrlord',54,http://pbs.twimg.com/profile_images/1136439678230335488/7fTHtTh2_normal.jpg
2019-07-21 05:37:18,b'@VeronicaAwakens No but every individual member except for Aquaman and Zatanna have been.',b'DavidMann95',278,http://pbs.twimg.com/profile_images/1057884550586605569/kjWNvDy7_normal.jpg
2019-07-21 05:35:40,"b'DC: we also have an incredible slate of films like this weird joker thing, a harley quinn cartoon and Aquaman 2'",b'Lono_TheDog',41,http://pbs.twimg.com/profile_images/1137235006256848896/YdDfSShA_normal.jpg
2019-07-21 05:35:33,"b'Idc what else #jasonmomoa is in &amp; I watch. Whenever I see him on screen all I hear is ""Hi, I\'m Roman."" &amp; then this scene \xf0\x9f\x98\x82\xf0\x9f\x98\x82\xf0\x9f\x98\x82\xf0\x9f\x98\x82 #TheGame #Roman #Aquaman https://t.co/iBANKdII87'",b'natashapierre',9419,http://pbs.twimg.com/profile_images/973495613194211328/u04QSpXN_normal.jpg
2019-07-21 05:31:25,"b'finally saw aquaman and you know what? poo on all of you, it was fun and entertaining and i enjoyed it'",b'Pudding_cup',243,http://pbs.twimg.com/profile_images/1137999002681536512/V5vJqXsS_normal.jpg
2019-07-21 05:31:06,b'Aquaman Teen Hunger Force #CartoonFilmMashUp',b'rumpleplissken',1029,http://pbs.twimg.com/profile_images/1111276469383237632/kZUEArTD_normal.jpg
2019-07-21 05:30:11,"b'Talked #Aquaman, #BlackPanther, #marijuana, #Squamish, #NDE #LaCourse, #TourDeFrance, #nutrition &amp; more w/ #RallyUHCCycling pro racer Sara Bergen! https://t.co/zxfMkXjxWo  * @PoochNetwork powers sporting guest visits! https://t.co/YKThpeRYjD'",b'TODDCastPodcast',8342,http://pbs.twimg.com/profile_images/955538458965032962/mlR0Mr3D_normal.jpg
2019-07-21 05:24:09,b'Which of these future #Marvel films are you looking forward to seeing most ?? #AvengersEndgame #Avengers # #ThorLoveAndThunder #Thor #NataliePortman #Aquaman #Hulk #IronMan',b'call_traders',36,http://pbs.twimg.com/profile_images/1149547397275512832/jxHK6QED_normal.jpg
2019-07-21 05:23:28,b'Which of these future #Marvel films are you looking forward to seeing most ?? #AvengersEndgame #Avengers # #ThorLoveAndThunder #Thor #NataliePortman #Aquaman #Hulk #IronMan',b'call_traders',36,http://pbs.twimg.com/profile_images/1149547397275512832/jxHK6QED_normal.jpg
2019-07-21 05:23:15,b'@NyleDiMarco when will we get to see you in a movie?? You could have given that Jason guy a run for his money in Aquaman! And have you seen the petition at https://t.co/bmDBafbqDW?',b'CaptionAction3',3728,http://pbs.twimg.com/profile_images/1132406703541166080/r4nuHSdV_normal.png
2019-07-21 05:22:47,"b""@BumblingIdiot Enough with your Aquaman, I'm sick of hearing about Aquaman!""",b'mentholmarxist',237,http://pbs.twimg.com/profile_images/1146149667132051457/7kpqpatd_normal.png
2019-07-21 05:21:53,b'Which of these future #Marvel films are you looking forward to seeing most ?? #AvengersEndgame #Avengers # #ThorLoveAndThunder #Thor #NataliePortman #Aquaman #Hulk #IronMan',b'call_traders',36,http://pbs.twimg.com/profile_images/1149547397275512832/jxHK6QED_normal.jpg
2019-07-21 05:21:32,"b""@agrodner22 Why isn't Aquaman having pineapple and cheating? SHOULDN'T HE BE A HAVE NOT!! Meaning slop and not real food! #BB21Livefeeds""",b'MyRealityTyme',98,http://pbs.twimg.com/profile_images/1130977528766763013/A_Fhri1G_normal.png
2019-07-21 05:17:19,b'Well I finally got around to watching Aquaman and it was really fun.',b'LoganBDoubleU',2971,http://pbs.twimg.com/profile_images/1150902624729911297/wNwwuo5c_normal.jpg
2019-07-21 05:15:31,"b""@alaisdair Don't you think between Titans, Doom Patrol, Arrow, Flash, Legends of tomorrow, swamp thing, supergirl,  Gotham, Pennyworth, Shazam, Aquaman and Wonder Woman 2 there's an oversaturation?...  Just joking, i want all these to do well &lt;3""",b'clemo_24',68,http://pbs.twimg.com/profile_images/851694497842868224/_bHrq7yf_normal.jpg
2019-07-21 05:13:45,b'Im watching Aquaman and I HAAAAAATE this movie.',b'program1025',27,http://pbs.twimg.com/profile_images/1143898375156391938/tnfUf7m-_normal.jpg
2019-07-21 05:09:58,"b""@Mister_BatfIeck Going to ComicCon doesn't help the successes of films.. WB knows more about film making then any fan or any other studio.. They got this.. The failed snyderverse is dead and buried.. Hamada just delivered two home runs with Aquaman and Shazam.. Let him do his thing""",b'bucteddy',81,http://pbs.twimg.com/profile_images/1122415355819954177/2qA8tDrM_normal.jpg
2019-07-21 05:08:25,b'@jeevavijay05 @champBaskar nan DC le Aquaman Batman dark night mattom dhan  pathurken  but DC Le Entertainment avlo irakathu epome serious dha pogum no fun\xf0\x9f\x99\x82',b'HariMarvel',2725,http://pbs.twimg.com/profile_images/1152836517267509249/PikBXi7i_normal.jpg
2019-07-21 05:05:42,b'The throat punch to Aquaman \xf0\x9f\x98\x82\xf0\x9f\xa4\xa3 https://t.co/6J7JDdiSep',b'ProducerMike975',952,http://pbs.twimg.com/profile_images/1148055152034766848/4ql5fDZX_normal.jpg
2019-07-21 05:03:22,"b'I am definitely going to see Aquaman 2, probably multiple times as well'",b'ted_bundist',178,http://pbs.twimg.com/profile_images/1135388105987379202/xS2_BVlX_normal.png
2019-07-21 05:03:11,b'@CATFlSHCAL I know he said ppl say to him I loved u in aquaman on the streets lmao like lies #BB21',b'bb21mtv',205,http://pbs.twimg.com/profile_images/1152795608249503744/FrOd_wGf_normal.jpg
2019-07-21 04:57:28,b'My dad told me he admired Aquaman as a kid and how he wants to watch the Aquaman movie.  Do... I tell him?',b'realmalicious',153,http://pbs.twimg.com/profile_images/845814280196833281/S02il4hu_normal.jpg
2019-07-21 04:55:52,b'@CBSBigBrother @BB20Brett Why dont you show the video where the fake aquaman says I  fu#k with ni#gers',b'JrTravian',5,http://pbs.twimg.com/profile_images/1150950522595266560/rnvCx3Zm_normal.jpg
2019-07-21 04:54:40,b'@JulieChen @CBSBigBrother Why dont you and CBS show the video when the fake aquaman says I dont fu#k with nig#ers',b'JrTravian',5,http://pbs.twimg.com/profile_images/1150950522595266560/rnvCx3Zm_normal.jpg
2019-07-21 04:54:11,"b'Other Examples:  John Campea said Venom and Aquaman would gross in the $400M range, and that neither would top Justice League\'s $650M.  He\'s twisted those false predictions into ""I didn\'t think Aquaman would make a billion,"" and ""I didn\'t think Venom would make $800M.""'",b'JamieRadinsky',1,http://pbs.twimg.com/profile_images/1151661639860514817/y6bPKZuT_normal.jpg
2019-07-21 04:50:52,"b'@DarkoNast Aquaman and WW were good, but BvS was thrown together kinda random and shazam was corny'",b'theannibo',524,http://pbs.twimg.com/profile_images/1140857832805457920/u-R58LJX_normal.jpg
2019-07-21 04:49:27,b'Please Change your name your more of a MCU fan than DC almost everything you post is negative despite aquaman shazam Wonder Woman Being well received. #dccomics #SanDiegoComicCon2019 #MarvelSDCC https://t.co/taiS6oNtES https://t.co/GVwvKtTsSR',b'PeterDAComics',148,http://pbs.twimg.com/profile_images/1151646840749772805/ik592VHq_normal.jpg
2019-07-21 04:49:26,"b""@Biyombonesaw You would hate the best movie they made cause the lead is Jewish. Shazam was garbage way too kiddy in my opinion. Haven't seen aquaman yet""",b'MoizH91',540,http://pbs.twimg.com/profile_images/844676388565254144/DfcNDY2o_normal.jpg
2019-07-21 04:44:26,b'@BlackMajikMan90 @_BrooklynBatman MoS&gt;Shazam&gt;Wonder Woman=Aquaman imo',b'Anarky8787',147,http://pbs.twimg.com/profile_images/1150892365483335680/KGOE9LXl_normal.jpg
2019-07-21 04:42:52,b'@BlackMajikMan90 Man of Steel  Wonder Woman  Shazam  Aquaman https://t.co/QNQ4UYzQIf',b'LeeLeeskeewee',2211,http://pbs.twimg.com/profile_images/1146726199261114368/M4PUQj_J_normal.jpg
2019-07-21 04:41:31,"b'I was feelin it when she took a bat to the Joker\'s junk, but then she punched Aquaman in the throat and now I need to see this. | ""HARLEY QUINN Comic-Con\xc2\xae 2019 Video: First-Look Preview #WBSDCC"" https://t.co/bHNcfkJKOl'",b'mrmoneda',456,http://pbs.twimg.com/profile_images/740248739282071552/8x6Oq-vS_normal.jpg
2019-07-21 04:41:19,b'@unlabelled_can The natural evolution of Aquaman into Lobster Man.',b'Vazmikes',381,http://pbs.twimg.com/profile_images/1075138295221215232/0o97LtiN_normal.jpg
2019-07-21 04:41:19,"b""FINALLY watched Aquaman and I gotta say, it wasn't too bad..I liked it \xf0\x9f\x98\x8c Jason Momoa fine sexy ass, gahhhhhleeeee \xf0\x9f\x98\x8d\xf0\x9f\x92\x8b\xf0\x9f\x98\x98\xf0\x9f\x94\xa5\xf0\x9f\xa4\xa4\xf0\x9f\x92\xa7\xf0\x9f\x92\xa6""",b'MachineGunLouie',575,http://pbs.twimg.com/profile_images/1078999919179059200/1l7K5WBr_normal.jpg
2019-07-21 04:41:09,"b'@eyuzwa eyuzwa, check out SOMBRERIAN on #ComiXology. https://t.co/HejUkhEyPe  #HarryPotter #PokemonGO #Aquaman #superman #Titans #batman #Spiderman #captainmarvel #avengers #LordOfTheRings #PercyJackson #robin #Venom #Marvel #Kaiju #doompatrol #dccomics #IntoTheSpiderVerse #DCEU #artists https://t.co/b1XQjq5YdV'",b'CavalcadComics',892,http://pbs.twimg.com/profile_images/1073617288727646208/Za8MNNZk_normal.jpg
2019-07-21 04:40:02,b'People forget that Aquaman alone gross over a billion at the box office. They have what it takes to put out something good and make money off it. They just sucking at creating their own universe like marvel.',b'KissMySnap',6448,http://pbs.twimg.com/profile_images/1152363295967514624/eu0YaAyH_normal.jpg
2019-07-21 04:39:37,"b'@DonCheadle My man! Thanks for the answer, man, if you ever get over to Arrowhead I\xe2\x80\x99ll buy ya a beer. I mean, Mahomes though... Broncos are gonna be in the backseat for a bit. Chiefs\xe2\x80\x99 superhero fans can take anyone: War Machine, Ant Man, Superman, Aquaman...'",b'chrismoore44',118,http://pbs.twimg.com/profile_images/953759440523661313/E_LNwP92_normal.jpg
2019-07-21 04:39:27,b'@geeeeee33 @olejimmybiscuit @IGN I agree but like that\xe2\x80\x99s what dc tried and they got so much crap for it they\xe2\x80\x99ve almost completely changed their direction based on aquaman and Shazam which were both basically lighthearted marvel movies :/ hopefully marvel can make both lighthearted and dark movies in the future',b'notaomelette',0,http://pbs.twimg.com/profile_images/1145906129110818819/c1WQ0_AM_normal.jpg
2019-07-21 04:39:20,"b'@LosotheDon732 Carlos, check out SOMBRERIAN on #ComiXology. https://t.co/HejUkhEyPe  #PoisonIvy #HarleyQuinn #ImageComics #GothamGirls #Superman #justiceleague #wonderwoman #Spawn #Wolverine #Ironman #Thor #AvengersEndgame #Xmen #Hulk #Aquaman #Rogue #naruto #ReleaseTheSnyderCut #SHAZAM #Aliens https://t.co/tqfqakDqg3'",b'CavalcadComics',892,http://pbs.twimg.com/profile_images/1073617288727646208/Za8MNNZk_normal.jpg
2019-07-21 04:36:53,"b'@EugeniaLemosFC @wjoaquin9 @musicnewsfact and superman, and flash, and aquaman, and harley quin https://t.co/uQS3sUrJys'",b'patronswift',185,http://pbs.twimg.com/profile_images/1151446825997488128/Hy0DSKUr_normal.jpg
2019-07-21 04:34:26,b'Lenny Kravitz Talks Relationship With Ex-Wife Lisa Bonet And Her Aquaman Husband Jason\xc2\xa0Momoa https://t.co/W88snD4nZ8 https://t.co/NgyRgcrxUx',b'The_WebGuys',189,http://pbs.twimg.com/profile_images/1110452431417155588/OcToM0x7_normal.jpg
2019-07-21 04:34:25,b'Lenny Kravitz Talks Relationship With Ex-Wife Lisa Bonet And Her Aquaman Husband Jason\xc2\xa0Momoa https://t.co/awU9v0WBk0 https://t.co/v85xAjixok',b'DailyNewsGhana',1007,http://pbs.twimg.com/profile_images/1145737284421062657/hhGATEgG_normal.jpg
2019-07-21 04:34:21,b'Lenny Kravitz Talks Relationship With Ex-Wife Lisa Bonet And Her Aquaman Husband Jason\xc2\xa0Momoa https://t.co/lFRfAnnJz2 https://t.co/h8BX83HfgO',b'GlobbalConnect',3264,http://pbs.twimg.com/profile_images/1052811373972004864/TXcUwsQn_normal.jpg
2019-07-21 04:33:18,b'|| Then again Aquaman was pretty good ngl',b'FastestInDenver',3019,http://pbs.twimg.com/profile_images/1147741008005746688/xMSinyYs_normal.png
2019-07-21 04:33:04,"b""wonder woman was lame as hell but aquaman and shazam were both super fun! (although shazam should've been the christmas movie) https://t.co/YgXDIi8oq3""",b'Biyombonesaw',1448,http://pbs.twimg.com/profile_images/1105624663894446081/02z71zUx_normal.png
2019-07-21 04:30:14,"b""@papabryant @DarkGraysonIII The closest we've ever seen Capt. Marvel (Post-Crisis) go all out was in Adventures of Superman #442.  He was capable of overpowering a villain with the powers of Superman, Aquaman, and Martian Manhunter.  However, I don't think he cut loose completely; that's how powerful he is.""",b'LetsTalkCM',745,http://pbs.twimg.com/profile_images/1097236631571058688/Of94CD9t_normal.jpg
2019-07-21 04:29:56,"b'Just got done watching Aquaman... I hate it, I just hate it. But it has a couple of good scenes sooooooo 1 star out of 5'",b'FreshLolos',13,http://pbs.twimg.com/profile_images/1121851502191050753/JizBsETi_normal.jpg
2019-07-21 04:29:54,"b'@ONCEatari Ohhh. Probably that\'s the reason. I only saw him in ""Black Mirror,"" and have heard he was part of Aquaman.'",b'psychokenetics',4018,http://pbs.twimg.com/profile_images/1090792945526030337/pMp1II8n_normal.jpg
2019-07-21 04:28:48,b'@CJWritesThings Oooh sure! Can you ask him if we\xe2\x80\x99ll see Aquaman soon in JL?',b'AquamAnder',4303,http://pbs.twimg.com/profile_images/1127218439494557696/_RTogdnq_normal.jpg
2019-07-21 04:27:58,b'Supergirl (Livewire) The Flash 3 (Gorilla Grodd) Birds of Prey (Basilisk) Batman 4 (Penguin) Joker &amp; Harley Quinn also play a role Aquaman (Black Manta) Justice League 3: Justice For All (Darkseid) Injustice (Batman Vs Superman)',b'PureGreenBlood',769,http://pbs.twimg.com/profile_images/1142825986955894790/S5R2JfVN_normal.jpg
2019-07-21 04:25:10,b'@only1tonid Good for Disney. They have the money so why not. Someone tell DC to step their pussy game up. All they got is Aquaman and Wonderwoman. The rest is a mess.',b'NadiaKNM1',349,http://pbs.twimg.com/profile_images/1151945544643874816/-JkrZ9NC_normal.jpg
2019-07-21 04:24:53,b'from \xe0\xad\xa8\xe0\xad\xa7 @wonyoungbunbyx \xf0\x9f\x8e\xac\xe2\x99\xa5\xef\xb8\x8e \xcb\x93 \xf0\x9f\xa7\x9e\xe2\x80\x8d\xe2\x99\x82\xef\xb8\x8f aladdin \xcb\x92  \xcb\x93 \xe2\x98\x84\xef\xb8\x8f the space between us \xcb\x92 \xcb\x93 \xf0\x9f\xa7\x9c\xf0\x9f\x8f\xbb\xe2\x80\x8d\xe2\x99\x82\xef\xb8\x8f aquaman \xcb\x92 https://t.co/VxPb5Wt1Ng',b'wonyoungdiorjrx',1050,http://pbs.twimg.com/profile_images/1152527225582829568/epw4QWmm_normal.jpg
2019-07-21 04:24:18,"b""@JesseThorn One more Aquaman and that's it""",b'KidsDrDave',859,http://pbs.twimg.com/profile_images/958013655056044032/TCfWAgKo_normal.jpg
2019-07-21 04:24:17,"b""@RahulKohli13 Aquaman gets punched in the throat. I'm so down for this!""",b'thebigmak93',159,http://pbs.twimg.com/profile_images/446459416355688448/2DDPQ362_normal.png
